"Assay","R.squared","Slope","Intercept","Low.95","LOD","LOQ","rep2.LOD","rep3.LOD","rep4.LOD","rep5.LOD","rep8.LOD"
"coho",0.998236273387322,-3.43914298792899,40.6749396822055,100,12.4261921834002,Inf,5.68289307112308,3.75786382300612,2.8135427574271,2.25043396688802,1.40858497351778
"trout",0.997517870262689,-3.49467081594035,39.8124116172789,100,21.1635149299254,Inf,9.3223922304435,5.77092424650271,4.10645382801445,3.15385039932474,1.80886650387294
