"Assay","R.squared","Slope","Intercept","Low.95","LOD","LOQ","rep2.LOD","rep3.LOD","rep4.LOD","rep5.LOD","rep8.LOD"
"coho",0.997639271432215,-3.43952032485941,40.6759997227588,100,11.1985294494422,11.1985294494422,5.98805893902924,4.15192430700048,3.20192486157851,2.61750161301972,1.71212790715393
"trout",0.99720305747551,-3.49700365585034,39.9021615998142,100,28.3432560524916,28.3432560524916,11.5520805387257,6.83357473722783,4.70837099753303,3.52684581980328,1.91902725886429
