"Assay","R.squared","Slope","Intercept","Low.95","LOD","LOQ","rep2.LOD","rep3.LOD","rep4.LOD","rep5.LOD","rep8.LOD"
"coho",0.998281369015917,-3.43989066180886,40.6745745295359,100,11.9584165922667,Inf,5.7000380830573,3.86781892281738,2.95941492298873,2.41379089257343,1.5908370427536
"trout",0.997636905622059,-3.49489139411941,39.807381693062,100,22.9635333663481,Inf,9.15164215135314,5.34297691449431,3.64719804789096,2.71229109257033,1.45351548722573
