"Assay","R.squared","Slope","Intercept","Low.95","LOD","LOQ","rep2.LOD","rep3.LOD","rep4.LOD","rep5.LOD","rep8.LOD"
"coho",0.998458110076506,-3.4391895923128,40.6546863319878,100,11.7653518690069,Inf,5.55530715807025,3.77362945144159,2.90760982956624,2.39507295548244,1.63638038159047
"trout",0.99761924223151,-3.49077679211201,39.8105605403466,100,20.0893841232595,Inf,8.90291419615777,5.53077889320092,3.94546098067675,3.03610843481348,1.7484906635134
