Assay,R.squared,Slope,Intercept,Low.95,LOD,LOQ,rep2.LOD,rep3.LOD,rep4.LOD,rep5.LOD,rep8.LOD
coho,0.99845811,-3.439189592,40.65468633,100,11.71207686,11.71207686,5.29046695,3.479800392,2.647816197,2.17573857,1.511392333
trout,0.997565557,-3.490780128,39.80239549,100,21.12988389,21.12988389,9.075461891,5.535679051,3.897986803,2.969501983,1.674217941
bass,0.999035235,-3.417348814,35.49040432,5,5,94,NA,NA,NA,NA,NA
nzms,0.99384624,-3.507315368,36.37370748,100,14.20433783,14.20433783,8.487940623,6.280493958,5.072051711,4.297288819,3.030853973