Assay,R.squared,Slope,Intercept,Low.95,LOD,LOQ,rep2.LOD,rep3.LOD,rep4.LOD,rep5.LOD,rep8.LOD
coho,0.998281369,-3.439890662,40.67457453,100,11.95841659,11.95841659,5.700038083,3.867818923,2.959414923,2.413790893,1.590837043
trout,0.997636906,-3.494891394,39.80738169,100,22.96353337,22.96353337,9.151642151,5.342976914,3.647198048,2.712291093,1.453515487